AM;епымуло;омола
SR000001;епымуло 0001;омола 0001
SR000002;епымуло 0002;омола 0002
SR000003;епымуло 0003;омола 0003
SR000004;епымуло 0004;омола 0004
SR000005;епымуло 0005;омола 0005
SR000006;епымуло 0006;омола 0006
SR000007;епымуло 0007;омола 0007
SR000008;епымуло 0008;омола 0008
SR000009;епымуло 0009;омола 0009
SR000010;епымуло 0010;омола 0010
SR000011;епымуло 0011;омола 0011
SR000012;епымуло 0012;омола 0012
SR000013;епымуло 0013;омола 0013
SR000014;епымуло 0014;омола 0014
SR000015;епымуло 0015;омола 0015
SR000016;епымуло 0016;омола 0016
SR000017;епымуло 0017;омола 0017
SR000018;епымуло 0018;омола 0018
SR000019;епымуло 0019;омола 0019
SR000020;епымуло 0020;омола 0020
SR000021;епымуло 0021;омола 0021
SR000022;епымуло 0022;омола 0022
SR000023;епымуло 0023;омола 0023
SR000024;епымуло 0024;омола 0024
SR000025;епымуло 0025;омола 0025
SR000026;епымуло 0026;омола 0026
SR000027;епымуло 0027;омола 0027
SR000028;епымуло 0028;омола 0028
SR000029;епымуло 0029;омола 0029
SR000030;епымуло 0030;омола 0030
SR000031;епымуло 0031;омола 0031
SR000032;епымуло 0032;омола 0032
SR000033;епымуло 0033;омола 0033
SR000034;епымуло 0034;омола 0034
SR000035;епымуло 0035;омола 0035
SR000036;епымуло 0036;омола 0036
SR000037;епымуло 0037;омола 0037
SR000038;епымуло 0038;омола 0038
SR000039;епымуло 0039;омола 0039
SR000040;епымуло 0040;омола 0040
SR000041;епымуло 0041;омола 0041
SR000042;епымуло 0042;омола 0042
SR000043;епымуло 0043;омола 0043
SR000044;епымуло 0044;омола 0044
SR000045;епымуло 0045;омола 0045
SR000046;епымуло 0046;омола 0046
SR000047;епымуло 0047;омола 0047
SR000048;епымуло 0048;омола 0048
SR000049;епымуло 0049;омола 0049
SR000050;епымуло 0050;омола 0050
SR000051;епымуло 0051;омола 0051
SR000052;епымуло 0052;омола 0052
SR000053;епымуло 0053;омола 0053
SR000054;епымуло 0054;омола 0054
SR000055;епымуло 0055;омола 0055
SR000056;епымуло 0056;омола 0056
SR000057;епымуло 0057;омола 0057
SR000058;епымуло 0058;омола 0058
SR000059;епымуло 0059;омола 0059
SR000060;епымуло 0060;омола 0060
SR000061;епымуло 0061;омола 0061
SR000062;епымуло 0062;омола 0062
SR000063;епымуло 0063;омола 0063
SR000064;епымуло 0064;омола 0064
SR000065;епымуло 0065;омола 0065
SR000066;епымуло 0066;омола 0066
SR000067;епымуло 0067;омола 0067
SR000068;епымуло 0068;омола 0068
SR000069;епымуло 0069;омола 0069
SR000070;епымуло 0070;омола 0070
SR000071;епымуло 0071;омола 0071
SR000072;епымуло 0072;омола 0072
SR000073;епымуло 0073;омола 0073
SR000074;епымуло 0074;омола 0074
SR000075;епымуло 0075;омола 0075
SR000076;епымуло 0076;омола 0076
SR000077;епымуло 0077;омола 0077
SR000078;епымуло 0078;омола 0078
SR000079;епымуло 0079;омола 0079
SR000080;епымуло 0080;омола 0080
SR000081;епымуло 0081;омола 0081
SR000082;епымуло 0082;омола 0082
SR000083;епымуло 0083;омола 0083
SR000084;епымуло 0084;омола 0084
SR000085;епымуло 0085;омола 0085
SR000086;епымуло 0086;омола 0086
SR000087;епымуло 0087;омола 0087
SR000088;епымуло 0088;омола 0088
SR000089;епымуло 0089;омола 0089
SR000090;епымуло 0090;омола 0090
SR000091;епымуло 0091;омола 0091
SR000092;епымуло 0092;омола 0092
SR000093;епымуло 0093;омола 0093
SR000094;епымуло 0094;омола 0094
SR000095;епымуло 0095;омола 0095
SR000096;епымуло 0096;омола 0096
SR000097;епымуло 0097;омола 0097
SR000098;епымуло 0098;омола 0098
SR000099;епымуло 0099;омола 0099
SR000100;епымуло 0100;омола 0100
SR000101;епымуло 0101;омола 0101
SR000102;епымуло 0102;омола 0102
SR000103;епымуло 0103;омола 0103
SR000104;епымуло 0104;омола 0104
SR000105;епымуло 0105;омола 0105
SR000106;епымуло 0106;омола 0106
SR000107;епымуло 0107;омола 0107
SR000108;епымуло 0108;омола 0108
SR000109;епымуло 0109;омола 0109
SR000110;епымуло 0110;омола 0110
SR000111;епымуло 0111;омола 0111
SR000112;епымуло 0112;омола 0112
SR000113;епымуло 0113;омола 0113
SR000114;епымуло 0114;омола 0114
SR000115;епымуло 0115;омола 0115
SR000116;епымуло 0116;омола 0116
SR000117;епымуло 0117;омола 0117
SR000118;епымуло 0118;омола 0118
SR000119;епымуло 0119;омола 0119
SR000120;епымуло 0120;омола 0120
SR000121;епымуло 0121;омола 0121
SR000122;епымуло 0122;омола 0122
SR000123;епымуло 0123;омола 0123
SR000124;епымуло 0124;омола 0124
SR000125;епымуло 0125;омола 0125
SR000126;епымуло 0126;омола 0126
SR000127;епымуло 0127;омола 0127
SR000128;епымуло 0128;омола 0128
SR000129;епымуло 0129;омола 0129
SR000130;епымуло 0130;омола 0130
SR000131;епымуло 0131;омола 0131
SR000132;епымуло 0132;омола 0132
SR000133;епымуло 0133;омола 0133
SR000134;епымуло 0134;омола 0134
SR000135;епымуло 0135;омола 0135
SR000136;епымуло 0136;омола 0136
SR000137;епымуло 0137;омола 0137
SR000138;епымуло 0138;омола 0138
SR000139;епымуло 0139;омола 0139
SR000140;епымуло 0140;омола 0140
SR000141;епымуло 0141;омола 0141
SR000142;епымуло 0142;омола 0142
SR000143;епымуло 0143;омола 0143
SR000144;епымуло 0144;омола 0144
SR000145;епымуло 0145;омола 0145
SR000146;епымуло 0146;омола 0146
SR000147;епымуло 0147;омола 0147
SR000148;епымуло 0148;омола 0148
SR000149;епымуло 0149;омола 0149
SR000150;епымуло 0150;омола 0150
SR000151;епымуло 0151;омола 0151
SR000152;епымуло 0152;омола 0152
SR000153;епымуло 0153;омола 0153
SR000154;епымуло 0154;омола 0154
SR000155;епымуло 0155;омола 0155
SR000156;епымуло 0156;омола 0156
SR000157;епымуло 0157;омола 0157
SR000158;епымуло 0158;омола 0158
SR000159;епымуло 0159;омола 0159
SR000160;епымуло 0160;омола 0160
SR000161;епымуло 0161;омола 0161
SR000162;епымуло 0162;омола 0162
SR000163;епымуло 0163;омола 0163
SR000164;епымуло 0164;омола 0164
SR000165;епымуло 0165;омола 0165
SR000166;епымуло 0166;омола 0166
SR000167;епымуло 0167;омола 0167
SR000168;епымуло 0168;омола 0168
SR000169;епымуло 0169;омола 0169
SR000170;епымуло 0170;омола 0170
SR000171;епымуло 0171;омола 0171
SR000172;епымуло 0172;омола 0172
SR000173;епымуло 0173;омола 0173
SR000174;епымуло 0174;омола 0174
SR000175;епымуло 0175;омола 0175
SR000176;епымуло 0176;омола 0176
SR000177;епымуло 0177;омола 0177
SR000178;епымуло 0178;омола 0178
SR000179;епымуло 0179;омола 0179
SR000180;епымуло 0180;омола 0180
SR000181;епымуло 0181;омола 0181
SR000182;епымуло 0182;омола 0182
SR000183;епымуло 0183;омола 0183
SR000184;епымуло 0184;омола 0184
SR000185;епымуло 0185;омола 0185
SR000186;епымуло 0186;омола 0186
SR000187;епымуло 0187;омола 0187
SR000188;епымуло 0188;омола 0188
SR000189;епымуло 0189;омола 0189
SR000190;епымуло 0190;омола 0190
SR000191;епымуло 0191;омола 0191
SR000192;епымуло 0192;омола 0192
SR000193;епымуло 0193;омола 0193
SR000194;епымуло 0194;омола 0194
SR000195;епымуло 0195;омола 0195
SR000196;епымуло 0196;омола 0196
SR000197;епымуло 0197;омола 0197
SR000198;епымуло 0198;омола 0198
SR000199;епымуло 0199;омола 0199
SR000200;епымуло 0200;омола 0200
SR000201;епымуло 0201;омола 0201
SR000202;епымуло 0202;омола 0202
SR000203;епымуло 0203;омола 0203
SR000204;епымуло 0204;омола 0204
SR000205;епымуло 0205;омола 0205
SR000206;епымуло 0206;омола 0206
SR000207;епымуло 0207;омола 0207
SR000208;епымуло 0208;омола 0208
SR000209;епымуло 0209;омола 0209
SR000210;епымуло 0210;омола 0210
SR000211;епымуло 0211;омола 0211
SR000212;епымуло 0212;омола 0212
SR000213;епымуло 0213;омола 0213
SR000214;епымуло 0214;омола 0214
SR000215;епымуло 0215;омола 0215
SR000216;епымуло 0216;омола 0216
SR000217;епымуло 0217;омола 0217
SR000218;епымуло 0218;омола 0218
SR000219;епымуло 0219;омола 0219
SR000220;епымуло 0220;омола 0220
SR000221;епымуло 0221;омола 0221
SR000222;епымуло 0222;омола 0222
SR000223;епымуло 0223;омола 0223
SR000224;епымуло 0224;омола 0224
SR000225;епымуло 0225;омола 0225
SR000226;епымуло 0226;омола 0226
SR000227;епымуло 0227;омола 0227
SR000228;епымуло 0228;омола 0228
SR000229;епымуло 0229;омола 0229
SR000230;епымуло 0230;омола 0230
SR000231;епымуло 0231;омола 0231
SR000232;епымуло 0232;омола 0232
SR000233;епымуло 0233;омола 0233
SR000234;епымуло 0234;омола 0234
SR000235;епымуло 0235;омола 0235
SR000236;епымуло 0236;омола 0236
SR000237;епымуло 0237;омола 0237
SR000238;епымуло 0238;омола 0238
SR000239;епымуло 0239;омола 0239
SR000240;епымуло 0240;омола 0240
SR000241;епымуло 0241;омола 0241
SR000242;епымуло 0242;омола 0242
SR000243;епымуло 0243;омола 0243
SR000244;епымуло 0244;омола 0244
SR000245;епымуло 0245;омола 0245
SR000246;епымуло 0246;омола 0246
SR000247;епымуло 0247;омола 0247
SR000248;епымуло 0248;омола 0248
SR000249;епымуло 0249;омола 0249
SR000250;епымуло 0250;омола 0250
SR000251;епымуло 0251;омола 0251
SR000252;епымуло 0252;омола 0252
SR000253;епымуло 0253;омола 0253
SR000254;епымуло 0254;омола 0254
SR000255;епымуло 0255;омола 0255
SR000256;епымуло 0256;омола 0256
SR000257;епымуло 0257;омола 0257
SR000258;епымуло 0258;омола 0258
SR000259;епымуло 0259;омола 0259
SR000260;епымуло 0260;омола 0260
SR000261;епымуло 0261;омола 0261
SR000262;епымуло 0262;омола 0262
SR000263;епымуло 0263;омола 0263
SR000264;епымуло 0264;омола 0264
SR000265;епымуло 0265;омола 0265
SR000266;епымуло 0266;омола 0266
SR000267;епымуло 0267;омола 0267
SR000268;епымуло 0268;омола 0268
SR000269;епымуло 0269;омола 0269
SR000270;епымуло 0270;омола 0270
SR000271;епымуло 0271;омола 0271
SR000272;епымуло 0272;омола 0272
SR000273;епымуло 0273;омола 0273
SR000274;епымуло 0274;омола 0274
SR000275;епымуло 0275;омола 0275
SR000276;епымуло 0276;омола 0276
SR000277;епымуло 0277;омола 0277
SR000278;епымуло 0278;омола 0278
SR000279;епымуло 0279;омола 0279
SR000280;епымуло 0280;омола 0280
SR000281;епымуло 0281;омола 0281
SR000282;епымуло 0282;омола 0282
SR000283;епымуло 0283;омола 0283
SR000284;епымуло 0284;омола 0284
SR000285;епымуло 0285;омола 0285
SR000286;епымуло 0286;омола 0286
SR000287;епымуло 0287;омола 0287
SR000288;епымуло 0288;омола 0288
SR000289;епымуло 0289;омола 0289
SR000290;епымуло 0290;омола 0290
SR000291;епымуло 0291;омола 0291
SR000292;епымуло 0292;омола 0292
SR000293;епымуло 0293;омола 0293
SR000294;епымуло 0294;омола 0294
SR000295;епымуло 0295;омола 0295
SR000296;епымуло 0296;омола 0296
SR000297;епымуло 0297;омола 0297
SR000298;епымуло 0298;омола 0298
SR000299;епымуло 0299;омола 0299
SR000300;епымуло 0300;омола 0300
SR000301;епымуло 0301;омола 0301
SR000302;епымуло 0302;омола 0302
SR000303;епымуло 0303;омола 0303
SR000304;епымуло 0304;омола 0304
SR000305;епымуло 0305;омола 0305
SR000306;епымуло 0306;омола 0306
SR000307;епымуло 0307;омола 0307
SR000308;епымуло 0308;омола 0308
SR000309;епымуло 0309;омола 0309
SR000310;епымуло 0310;омола 0310
SR000311;епымуло 0311;омола 0311
SR000312;епымуло 0312;омола 0312
SR000313;епымуло 0313;омола 0313
SR000314;епымуло 0314;омола 0314
SR000315;епымуло 0315;омола 0315
SR000316;епымуло 0316;омола 0316
SR000317;епымуло 0317;омола 0317
SR000318;епымуло 0318;омола 0318
SR000319;епымуло 0319;омола 0319
SR000320;епымуло 0320;омола 0320
SR000321;епымуло 0321;омола 0321
SR000322;епымуло 0322;омола 0322
SR000323;епымуло 0323;омола 0323
SR000324;епымуло 0324;омола 0324
SR000325;епымуло 0325;омола 0325
SR000326;епымуло 0326;омола 0326
SR000327;епымуло 0327;омола 0327
SR000328;епымуло 0328;омола 0328
SR000329;епымуло 0329;омола 0329
SR000330;епымуло 0330;омола 0330
SR000331;епымуло 0331;омола 0331
SR000332;епымуло 0332;омола 0332
SR000333;епымуло 0333;омола 0333
SR000334;епымуло 0334;омола 0334
SR000335;епымуло 0335;омола 0335
SR000336;епымуло 0336;омола 0336
SR000337;епымуло 0337;омола 0337
SR000338;епымуло 0338;омола 0338
SR000339;епымуло 0339;омола 0339
SR000340;епымуло 0340;омола 0340
SR000341;епымуло 0341;омола 0341
SR000342;епымуло 0342;омола 0342
SR000343;епымуло 0343;омола 0343
SR000344;епымуло 0344;омола 0344
SR000345;епымуло 0345;омола 0345
SR000346;епымуло 0346;омола 0346
SR000347;епымуло 0347;омола 0347
SR000348;епымуло 0348;омола 0348
SR000349;епымуло 0349;омола 0349
SR000350;епымуло 0350;омола 0350
SR000351;епымуло 0351;омола 0351
SR000352;епымуло 0352;омола 0352
SR000353;епымуло 0353;омола 0353
SR000354;епымуло 0354;омола 0354
SR000355;епымуло 0355;омола 0355
SR000356;епымуло 0356;омола 0356
SR000357;епымуло 0357;омола 0357
SR000358;епымуло 0358;омола 0358
SR000359;епымуло 0359;омола 0359
SR000360;епымуло 0360;омола 0360
SR000361;епымуло 0361;омола 0361
SR000362;епымуло 0362;омола 0362
SR000363;епымуло 0363;омола 0363
SR000364;епымуло 0364;омола 0364
SR000365;епымуло 0365;омола 0365
SR000366;епымуло 0366;омола 0366
SR000367;епымуло 0367;омола 0367
SR000368;епымуло 0368;омола 0368
SR000369;епымуло 0369;омола 0369
SR000370;епымуло 0370;омола 0370
SR000371;епымуло 0371;омола 0371
SR000372;епымуло 0372;омола 0372
SR000373;епымуло 0373;омола 0373
SR000374;епымуло 0374;омола 0374
SR000375;епымуло 0375;омола 0375
SR000376;епымуло 0376;омола 0376
SR000377;епымуло 0377;омола 0377
SR000378;епымуло 0378;омола 0378
SR000379;епымуло 0379;омола 0379
SR000380;епымуло 0380;омола 0380
SR000381;епымуло 0381;омола 0381
SR000382;епымуло 0382;омола 0382
SR000383;епымуло 0383;омола 0383
SR000384;епымуло 0384;омола 0384
SR000385;епымуло 0385;омола 0385
SR000386;епымуло 0386;омола 0386
SR000387;епымуло 0387;омола 0387
SR000388;епымуло 0388;омола 0388
SR000389;епымуло 0389;омола 0389
SR000390;епымуло 0390;омола 0390
SR000391;епымуло 0391;омола 0391
SR000392;епымуло 0392;омола 0392
SR000393;епымуло 0393;омола 0393
SR000394;епымуло 0394;омола 0394
SR000395;епымуло 0395;омола 0395
SR000396;епымуло 0396;омола 0396
SR000397;епымуло 0397;омола 0397
SR000398;епымуло 0398;омола 0398
SR000399;епымуло 0399;омола 0399
SR000400;епымуло 0400;омола 0400
SR000401;епымуло 0401;омола 0401
SR000402;епымуло 0402;омола 0402
SR000403;епымуло 0403;омола 0403
SR000404;епымуло 0404;омола 0404
SR000405;епымуло 0405;омола 0405
SR000406;епымуло 0406;омола 0406
SR000407;епымуло 0407;омола 0407
SR000408;епымуло 0408;омола 0408
SR000409;епымуло 0409;омола 0409
SR000410;епымуло 0410;омола 0410
SR000411;епымуло 0411;омола 0411
SR000412;епымуло 0412;омола 0412
SR000413;епымуло 0413;омола 0413
SR000414;епымуло 0414;омола 0414
SR000415;епымуло 0415;омола 0415
SR000416;епымуло 0416;омола 0416
SR000417;епымуло 0417;омола 0417
SR000418;епымуло 0418;омола 0418
SR000419;епымуло 0419;омола 0419
SR000420;епымуло 0420;омола 0420
SR000421;епымуло 0421;омола 0421
SR000422;епымуло 0422;омола 0422
SR000423;епымуло 0423;омола 0423
SR000424;епымуло 0424;омола 0424
SR000425;епымуло 0425;омола 0425
SR000426;епымуло 0426;омола 0426
SR000427;епымуло 0427;омола 0427
SR000428;епымуло 0428;омола 0428
SR000429;епымуло 0429;омола 0429
SR000430;епымуло 0430;омола 0430
SR000431;епымуло 0431;омола 0431
SR000432;епымуло 0432;омола 0432
SR000433;епымуло 0433;омола 0433
SR000434;епымуло 0434;омола 0434
SR000435;епымуло 0435;омола 0435
SR000436;епымуло 0436;омола 0436
SR000437;епымуло 0437;омола 0437
SR000438;епымуло 0438;омола 0438
SR000439;епымуло 0439;омола 0439
SR000440;епымуло 0440;омола 0440
SR000441;епымуло 0441;омола 0441
SR000442;епымуло 0442;омола 0442
SR000443;епымуло 0443;омола 0443
SR000444;епымуло 0444;омола 0444
SR000445;епымуло 0445;омола 0445
SR000446;епымуло 0446;омола 0446
SR000447;епымуло 0447;омола 0447
SR000448;епымуло 0448;омола 0448
SR000449;епымуло 0449;омола 0449
SR000450;епымуло 0450;омола 0450
SR000451;епымуло 0451;омола 0451
SR000452;епымуло 0452;омола 0452
SR000453;епымуло 0453;омола 0453
SR000454;епымуло 0454;омола 0454
SR000455;епымуло 0455;омола 0455
SR000456;епымуло 0456;омола 0456
SR000457;епымуло 0457;омола 0457
SR000458;епымуло 0458;омола 0458
SR000459;епымуло 0459;омола 0459
SR000460;епымуло 0460;омола 0460
SR000461;епымуло 0461;омола 0461
SR000462;епымуло 0462;омола 0462
SR000463;епымуло 0463;омола 0463
SR000464;епымуло 0464;омола 0464
SR000465;епымуло 0465;омола 0465
SR000466;епымуло 0466;омола 0466
SR000467;епымуло 0467;омола 0467
SR000468;епымуло 0468;омола 0468
SR000469;епымуло 0469;омола 0469
SR000470;епымуло 0470;омола 0470
SR000471;епымуло 0471;омола 0471
SR000472;епымуло 0472;омола 0472
SR000473;епымуло 0473;омола 0473
SR000474;епымуло 0474;омола 0474
SR000475;епымуло 0475;омола 0475
SR000476;епымуло 0476;омола 0476
SR000477;епымуло 0477;омола 0477
SR000478;епымуло 0478;омола 0478
SR000479;епымуло 0479;омола 0479
SR000480;епымуло 0480;омола 0480
SR000481;епымуло 0481;омола 0481
SR000482;епымуло 0482;омола 0482
SR000483;епымуло 0483;омола 0483
SR000484;епымуло 0484;омола 0484
SR000485;епымуло 0485;омола 0485
SR000486;епымуло 0486;омола 0486
SR000487;епымуло 0487;омола 0487
SR000488;епымуло 0488;омола 0488
SR000489;епымуло 0489;омола 0489
SR000490;епымуло 0490;омола 0490
SR000491;епымуло 0491;омола 0491
SR000492;епымуло 0492;омола 0492
SR000493;епымуло 0493;омола 0493
SR000494;епымуло 0494;омола 0494
SR000495;епымуло 0495;омола 0495
SR000496;епымуло 0496;омола 0496
SR000497;епымуло 0497;омола 0497
SR000498;епымуло 0498;омола 0498
SR000499;епымуло 0499;омола 0499
SR000500;епымуло 0500;омола 0500
SR000501;епымуло 0501;омола 0501
SR000502;епымуло 0502;омола 0502
SR000503;епымуло 0503;омола 0503
SR000504;епымуло 0504;омола 0504
SR000505;епымуло 0505;омола 0505
SR000506;епымуло 0506;омола 0506
SR000507;епымуло 0507;омола 0507
SR000508;епымуло 0508;омола 0508
SR000509;епымуло 0509;омола 0509
SR000510;епымуло 0510;омола 0510
SR000511;епымуло 0511;омола 0511
SR000512;епымуло 0512;омола 0512
SR000513;епымуло 0513;омола 0513
SR000514;епымуло 0514;омола 0514
SR000515;епымуло 0515;омола 0515
SR000516;епымуло 0516;омола 0516
SR000517;епымуло 0517;омола 0517
SR000518;епымуло 0518;омола 0518
SR000519;епымуло 0519;омола 0519
SR000520;епымуло 0520;омола 0520
SR000521;епымуло 0521;омола 0521
SR000522;епымуло 0522;омола 0522
SR000523;епымуло 0523;омола 0523
SR000524;епымуло 0524;омола 0524
SR000525;епымуло 0525;омола 0525
SR000526;епымуло 0526;омола 0526
SR000527;епымуло 0527;омола 0527
SR000528;епымуло 0528;омола 0528
SR000529;епымуло 0529;омола 0529
SR000530;епымуло 0530;омола 0530
SR000531;епымуло 0531;омола 0531
SR000532;епымуло 0532;омола 0532
SR000533;епымуло 0533;омола 0533
SR000534;епымуло 0534;омола 0534
SR000535;епымуло 0535;омола 0535
SR000536;епымуло 0536;омола 0536
SR000537;епымуло 0537;омола 0537
SR000538;епымуло 0538;омола 0538
SR000539;епымуло 0539;омола 0539
SR000540;епымуло 0540;омола 0540
SR000541;епымуло 0541;омола 0541
SR000542;епымуло 0542;омола 0542
SR000543;епымуло 0543;омола 0543
SR000544;епымуло 0544;омола 0544
SR000545;епымуло 0545;омола 0545
SR000546;епымуло 0546;омола 0546
SR000547;епымуло 0547;омола 0547
SR000548;епымуло 0548;омола 0548
SR000549;епымуло 0549;омола 0549
SR000550;епымуло 0550;омола 0550
SR000551;епымуло 0551;омола 0551
SR000552;епымуло 0552;омола 0552
SR000553;епымуло 0553;омола 0553
SR000554;епымуло 0554;омола 0554
SR000555;епымуло 0555;омола 0555
SR000556;епымуло 0556;омола 0556
SR000557;епымуло 0557;омола 0557
SR000558;епымуло 0558;омола 0558
SR000559;епымуло 0559;омола 0559
SR000560;епымуло 0560;омола 0560
SR000561;епымуло 0561;омола 0561
SR000562;епымуло 0562;омола 0562
SR000563;епымуло 0563;омола 0563
SR000564;епымуло 0564;омола 0564
SR000565;епымуло 0565;омола 0565
SR000566;епымуло 0566;омола 0566
SR000567;епымуло 0567;омола 0567
SR000568;епымуло 0568;омола 0568
SR000569;епымуло 0569;омола 0569
SR000570;епымуло 0570;омола 0570
SR000571;епымуло 0571;омола 0571
SR000572;епымуло 0572;омола 0572
SR000573;епымуло 0573;омола 0573
SR000574;епымуло 0574;омола 0574
SR000575;епымуло 0575;омола 0575
SR000576;епымуло 0576;омола 0576
SR000577;епымуло 0577;омола 0577
SR000578;епымуло 0578;омола 0578
SR000579;епымуло 0579;омола 0579
SR000580;епымуло 0580;омола 0580
SR000581;епымуло 0581;омола 0581
SR000582;епымуло 0582;омола 0582
SR000583;епымуло 0583;омола 0583
SR000584;епымуло 0584;омола 0584
SR000585;епымуло 0585;омола 0585
SR000586;епымуло 0586;омола 0586
SR000587;епымуло 0587;омола 0587
SR000588;епымуло 0588;омола 0588
SR000589;епымуло 0589;омола 0589
SR000590;епымуло 0590;омола 0590
SR000591;епымуло 0591;омола 0591
SR000592;епымуло 0592;омола 0592
SR000593;епымуло 0593;омола 0593
SR000594;епымуло 0594;омола 0594
SR000595;епымуло 0595;омола 0595
SR000596;епымуло 0596;омола 0596
SR000597;епымуло 0597;омола 0597
SR000598;епымуло 0598;омола 0598
SR000599;епымуло 0599;омола 0599
SR000600;епымуло 0600;омола 0600
SR000601;епымуло 0601;омола 0601
SR000602;епымуло 0602;омола 0602
SR000603;епымуло 0603;омола 0603
SR000604;епымуло 0604;омола 0604
SR000605;епымуло 0605;омола 0605
SR000606;епымуло 0606;омола 0606
SR000607;епымуло 0607;омола 0607
SR000608;епымуло 0608;омола 0608
SR000609;епымуло 0609;омола 0609
SR000610;епымуло 0610;омола 0610
SR000611;епымуло 0611;омола 0611
SR000612;епымуло 0612;омола 0612
SR000613;епымуло 0613;омола 0613
SR000614;епымуло 0614;омола 0614
SR000615;епымуло 0615;омола 0615
SR000616;епымуло 0616;омола 0616
SR000617;епымуло 0617;омола 0617
SR000618;епымуло 0618;омола 0618
SR000619;епымуло 0619;омола 0619
SR000620;епымуло 0620;омола 0620
SR000621;епымуло 0621;омола 0621
SR000622;епымуло 0622;омола 0622
SR000623;епымуло 0623;омола 0623
SR000624;епымуло 0624;омола 0624
SR000625;епымуло 0625;омола 0625
SR000626;епымуло 0626;омола 0626
SR000627;епымуло 0627;омола 0627
SR000628;епымуло 0628;омола 0628
SR000629;епымуло 0629;омола 0629
SR000630;епымуло 0630;омола 0630
SR000631;епымуло 0631;омола 0631
SR000632;епымуло 0632;омола 0632
SR000633;епымуло 0633;омола 0633
SR000634;епымуло 0634;омола 0634
SR000635;епымуло 0635;омола 0635
SR000636;епымуло 0636;омола 0636
SR000637;епымуло 0637;омола 0637
SR000638;епымуло 0638;омола 0638
SR000639;епымуло 0639;омола 0639
SR000640;епымуло 0640;омола 0640
SR000641;епымуло 0641;омола 0641
SR000642;епымуло 0642;омола 0642
SR000643;епымуло 0643;омола 0643
SR000644;епымуло 0644;омола 0644
SR000645;епымуло 0645;омола 0645
SR000646;епымуло 0646;омола 0646
SR000647;епымуло 0647;омола 0647
SR000648;епымуло 0648;омола 0648
SR000649;епымуло 0649;омола 0649
SR000650;епымуло 0650;омола 0650
SR000651;епымуло 0651;омола 0651
SR000652;епымуло 0652;омола 0652
SR000653;епымуло 0653;омола 0653
SR000654;епымуло 0654;омола 0654
SR000655;епымуло 0655;омола 0655
SR000656;епымуло 0656;омола 0656
SR000657;епымуло 0657;омола 0657
SR000658;епымуло 0658;омола 0658
SR000659;епымуло 0659;омола 0659
SR000660;епымуло 0660;омола 0660
SR000661;епымуло 0661;омола 0661
SR000662;епымуло 0662;омола 0662
SR000663;епымуло 0663;омола 0663
SR000664;епымуло 0664;омола 0664
SR000665;епымуло 0665;омола 0665
SR000666;епымуло 0666;омола 0666
SR000667;епымуло 0667;омола 0667
SR000668;епымуло 0668;омола 0668
SR000669;епымуло 0669;омола 0669
SR000670;епымуло 0670;омола 0670
SR000671;епымуло 0671;омола 0671
SR000672;епымуло 0672;омола 0672
SR000673;епымуло 0673;омола 0673
SR000674;епымуло 0674;омола 0674
SR000675;епымуло 0675;омола 0675
SR000676;епымуло 0676;омола 0676
SR000677;епымуло 0677;омола 0677
SR000678;епымуло 0678;омола 0678
SR000679;епымуло 0679;омола 0679
SR000680;епымуло 0680;омола 0680
SR000681;епымуло 0681;омола 0681
SR000682;епымуло 0682;омола 0682
SR000683;епымуло 0683;омола 0683
SR000684;епымуло 0684;омола 0684
SR000685;епымуло 0685;омола 0685
SR000686;епымуло 0686;омола 0686
SR000687;епымуло 0687;омола 0687
SR000688;епымуло 0688;омола 0688
SR000689;епымуло 0689;омола 0689
SR000690;епымуло 0690;омола 0690
SR000691;епымуло 0691;омола 0691
SR000692;епымуло 0692;омола 0692
SR000693;епымуло 0693;омола 0693
SR000694;епымуло 0694;омола 0694
SR000695;епымуло 0695;омола 0695
SR000696;епымуло 0696;омола 0696
SR000697;епымуло 0697;омола 0697
SR000698;епымуло 0698;омола 0698
SR000699;епымуло 0699;омола 0699
SR000700;епымуло 0700;омола 0700
SR000701;епымуло 0701;омола 0701
SR000702;епымуло 0702;омола 0702
SR000703;епымуло 0703;омола 0703
SR000704;епымуло 0704;омола 0704
SR000705;епымуло 0705;омола 0705
SR000706;епымуло 0706;омола 0706
SR000707;епымуло 0707;омола 0707
SR000708;епымуло 0708;омола 0708
SR000709;епымуло 0709;омола 0709
SR000710;епымуло 0710;омола 0710
SR000711;епымуло 0711;омола 0711
SR000712;епымуло 0712;омола 0712
SR000713;епымуло 0713;омола 0713
SR000714;епымуло 0714;омола 0714
SR000715;епымуло 0715;омола 0715
SR000716;епымуло 0716;омола 0716
SR000717;епымуло 0717;омола 0717
SR000718;епымуло 0718;омола 0718
SR000719;епымуло 0719;омола 0719
SR000720;епымуло 0720;омола 0720
SR000721;епымуло 0721;омола 0721
SR000722;епымуло 0722;омола 0722
SR000723;епымуло 0723;омола 0723
SR000724;епымуло 0724;омола 0724
SR000725;епымуло 0725;омола 0725
SR000726;епымуло 0726;омола 0726
SR000727;епымуло 0727;омола 0727
SR000728;епымуло 0728;омола 0728
SR000729;епымуло 0729;омола 0729
SR000730;епымуло 0730;омола 0730
SR000731;епымуло 0731;омола 0731
SR000732;епымуло 0732;омола 0732
SR000733;епымуло 0733;омола 0733
SR000734;епымуло 0734;омола 0734
SR000735;епымуло 0735;омола 0735
SR000736;епымуло 0736;омола 0736
SR000737;епымуло 0737;омола 0737
SR000738;епымуло 0738;омола 0738
SR000739;епымуло 0739;омола 0739
SR000740;епымуло 0740;омола 0740
SR000741;епымуло 0741;омола 0741
SR000742;епымуло 0742;омола 0742
SR000743;епымуло 0743;омола 0743
SR000744;епымуло 0744;омола 0744
SR000745;епымуло 0745;омола 0745
SR000746;епымуло 0746;омола 0746
SR000747;епымуло 0747;омола 0747
SR000748;епымуло 0748;омола 0748
SR000749;епымуло 0749;омола 0749
SR000750;епымуло 0750;омола 0750
SR000751;епымуло 0751;омола 0751
SR000752;епымуло 0752;омола 0752
SR000753;епымуло 0753;омола 0753
SR000754;епымуло 0754;омола 0754
SR000755;епымуло 0755;омола 0755
SR000756;епымуло 0756;омола 0756
SR000757;епымуло 0757;омола 0757
SR000758;епымуло 0758;омола 0758
SR000759;епымуло 0759;омола 0759
SR000760;епымуло 0760;омола 0760
SR000761;епымуло 0761;омола 0761
SR000762;епымуло 0762;омола 0762
SR000763;епымуло 0763;омола 0763
SR000764;епымуло 0764;омола 0764
SR000765;епымуло 0765;омола 0765
SR000766;епымуло 0766;омола 0766
SR000767;епымуло 0767;омола 0767
SR000768;епымуло 0768;омола 0768
SR000769;епымуло 0769;омола 0769
SR000770;епымуло 0770;омола 0770
SR000771;епымуло 0771;омола 0771
SR000772;епымуло 0772;омола 0772
SR000773;епымуло 0773;омола 0773
SR000774;епымуло 0774;омола 0774
SR000775;епымуло 0775;омола 0775
SR000776;епымуло 0776;омола 0776
SR000777;епымуло 0777;омола 0777
SR000778;епымуло 0778;омола 0778
SR000779;епымуло 0779;омола 0779
SR000780;епымуло 0780;омола 0780
SR000781;епымуло 0781;омола 0781
SR000782;епымуло 0782;омола 0782
SR000783;епымуло 0783;омола 0783
SR000784;епымуло 0784;омола 0784
SR000785;епымуло 0785;омола 0785
SR000786;епымуло 0786;омола 0786
SR000787;епымуло 0787;омола 0787
SR000788;епымуло 0788;омола 0788
SR000789;епымуло 0789;омола 0789
SR000790;епымуло 0790;омола 0790
SR000791;епымуло 0791;омола 0791
SR000792;епымуло 0792;омола 0792
SR000793;епымуло 0793;омола 0793
SR000794;епымуло 0794;омола 0794
SR000795;епымуло 0795;омола 0795
SR000796;епымуло 0796;омола 0796
SR000797;епымуло 0797;омола 0797
SR000798;епымуло 0798;омола 0798
SR000799;епымуло 0799;омола 0799
SR000800;епымуло 0800;омола 0800
SR000801;епымуло 0801;омола 0801
SR000802;епымуло 0802;омола 0802
SR000803;епымуло 0803;омола 0803
SR000804;епымуло 0804;омола 0804
SR000805;епымуло 0805;омола 0805
SR000806;епымуло 0806;омола 0806
SR000807;епымуло 0807;омола 0807
SR000808;епымуло 0808;омола 0808
SR000809;епымуло 0809;омола 0809
SR000810;епымуло 0810;омола 0810
SR000811;епымуло 0811;омола 0811
SR000812;епымуло 0812;омола 0812
SR000813;епымуло 0813;омола 0813
SR000814;епымуло 0814;омола 0814
SR000815;епымуло 0815;омола 0815
SR000816;епымуло 0816;омола 0816
SR000817;епымуло 0817;омола 0817
SR000818;епымуло 0818;омола 0818
SR000819;епымуло 0819;омола 0819
SR000820;епымуло 0820;омола 0820
SR000821;епымуло 0821;омола 0821
SR000822;епымуло 0822;омола 0822
SR000823;епымуло 0823;омола 0823
SR000824;епымуло 0824;омола 0824
SR000825;епымуло 0825;омола 0825
SR000826;епымуло 0826;омола 0826
SR000827;епымуло 0827;омола 0827
SR000828;епымуло 0828;омола 0828
SR000829;епымуло 0829;омола 0829
SR000830;епымуло 0830;омола 0830
SR000831;епымуло 0831;омола 0831
SR000832;епымуло 0832;омола 0832
SR000833;епымуло 0833;омола 0833
SR000834;епымуло 0834;омола 0834
SR000835;епымуло 0835;омола 0835
SR000836;епымуло 0836;омола 0836
SR000837;епымуло 0837;омола 0837
SR000838;епымуло 0838;омола 0838
SR000839;епымуло 0839;омола 0839
SR000840;епымуло 0840;омола 0840
SR000841;епымуло 0841;омола 0841
SR000842;епымуло 0842;омола 0842
SR000843;епымуло 0843;омола 0843
SR000844;епымуло 0844;омола 0844
SR000845;епымуло 0845;омола 0845
SR000846;епымуло 0846;омола 0846
SR000847;епымуло 0847;омола 0847
SR000848;епымуло 0848;омола 0848
SR000849;епымуло 0849;омола 0849
SR000850;епымуло 0850;омола 0850
SR000851;епымуло 0851;омола 0851
SR000852;епымуло 0852;омола 0852
SR000853;епымуло 0853;омола 0853
SR000854;епымуло 0854;омола 0854
SR000855;епымуло 0855;омола 0855
SR000856;епымуло 0856;омола 0856
SR000857;епымуло 0857;омола 0857
SR000858;епымуло 0858;омола 0858
SR000859;епымуло 0859;омола 0859
SR000860;епымуло 0860;омола 0860
SR000861;епымуло 0861;омола 0861
SR000862;епымуло 0862;омола 0862
SR000863;епымуло 0863;омола 0863
SR000864;епымуло 0864;омола 0864
SR000865;епымуло 0865;омола 0865
SR000866;епымуло 0866;омола 0866
SR000867;епымуло 0867;омола 0867
SR000868;епымуло 0868;омола 0868
SR000869;епымуло 0869;омола 0869
SR000870;епымуло 0870;омола 0870
SR000871;епымуло 0871;омола 0871
SR000872;епымуло 0872;омола 0872
SR000873;епымуло 0873;омола 0873
SR000874;епымуло 0874;омола 0874
SR000875;епымуло 0875;омола 0875
SR000876;епымуло 0876;омола 0876
SR000877;епымуло 0877;омола 0877
SR000878;епымуло 0878;омола 0878
SR000879;епымуло 0879;омола 0879
SR000880;епымуло 0880;омола 0880
SR000881;епымуло 0881;омола 0881
SR000882;епымуло 0882;омола 0882
SR000883;епымуло 0883;омола 0883
SR000884;епымуло 0884;омола 0884
SR000885;епымуло 0885;омола 0885
SR000886;епымуло 0886;омола 0886
SR000887;епымуло 0887;омола 0887
SR000888;епымуло 0888;омола 0888
SR000889;епымуло 0889;омола 0889
SR000890;епымуло 0890;омола 0890
SR000891;епымуло 0891;омола 0891
SR000892;епымуло 0892;омола 0892
SR000893;епымуло 0893;омола 0893
SR000894;епымуло 0894;омола 0894
SR000895;епымуло 0895;омола 0895
SR000896;епымуло 0896;омола 0896
SR000897;епымуло 0897;омола 0897
SR000898;епымуло 0898;омола 0898
SR000899;епымуло 0899;омола 0899
SR000900;епымуло 0900;омола 0900
SR000901;епымуло 0901;омола 0901
SR000902;епымуло 0902;омола 0902
SR000903;епымуло 0903;омола 0903
SR000904;епымуло 0904;омола 0904
SR000905;епымуло 0905;омола 0905
SR000906;епымуло 0906;омола 0906
SR000907;епымуло 0907;омола 0907
SR000908;епымуло 0908;омола 0908
SR000909;епымуло 0909;омола 0909
SR000910;епымуло 0910;омола 0910
SR000911;епымуло 0911;омола 0911
SR000912;епымуло 0912;омола 0912
SR000913;епымуло 0913;омола 0913
SR000914;епымуло 0914;омола 0914
SR000915;епымуло 0915;омола 0915
SR000916;епымуло 0916;омола 0916
SR000917;епымуло 0917;омола 0917
SR000918;епымуло 0918;омола 0918
SR000919;епымуло 0919;омола 0919
SR000920;епымуло 0920;омола 0920
SR000921;епымуло 0921;омола 0921
SR000922;епымуло 0922;омола 0922
SR000923;епымуло 0923;омола 0923
SR000924;епымуло 0924;омола 0924
SR000925;епымуло 0925;омола 0925
SR000926;епымуло 0926;омола 0926
SR000927;епымуло 0927;омола 0927
SR000928;епымуло 0928;омола 0928
SR000929;епымуло 0929;омола 0929
SR000930;епымуло 0930;омола 0930
SR000931;епымуло 0931;омола 0931
SR000932;епымуло 0932;омола 0932
SR000933;епымуло 0933;омола 0933
SR000934;епымуло 0934;омола 0934
SR000935;епымуло 0935;омола 0935
SR000936;епымуло 0936;омола 0936
SR000937;епымуло 0937;омола 0937
SR000938;епымуло 0938;омола 0938
SR000939;епымуло 0939;омола 0939
SR000940;епымуло 0940;омола 0940
SR000941;епымуло 0941;омола 0941
SR000942;епымуло 0942;омола 0942
SR000943;епымуло 0943;омола 0943
SR000944;епымуло 0944;омола 0944
SR000945;епымуло 0945;омола 0945
SR000946;епымуло 0946;омола 0946
SR000947;епымуло 0947;омола 0947
SR000948;епымуло 0948;омола 0948
SR000949;епымуло 0949;омола 0949
SR000950;епымуло 0950;омола 0950
SR000951;епымуло 0951;омола 0951
SR000952;епымуло 0952;омола 0952
SR000953;епымуло 0953;омола 0953
SR000954;епымуло 0954;омола 0954
SR000955;епымуло 0955;омола 0955
SR000956;епымуло 0956;омола 0956
SR000957;епымуло 0957;омола 0957
SR000958;епымуло 0958;омола 0958
SR000959;епымуло 0959;омола 0959
SR000960;епымуло 0960;омола 0960
SR000961;епымуло 0961;омола 0961
SR000962;епымуло 0962;омола 0962
SR000963;епымуло 0963;омола 0963
SR000964;епымуло 0964;омола 0964
SR000965;епымуло 0965;омола 0965
SR000966;епымуло 0966;омола 0966
SR000967;епымуло 0967;омола 0967
SR000968;епымуло 0968;омола 0968
SR000969;епымуло 0969;омола 0969
SR000970;епымуло 0970;омола 0970
SR000971;епымуло 0971;омола 0971
SR000972;епымуло 0972;омола 0972
SR000973;епымуло 0973;омола 0973
SR000974;епымуло 0974;омола 0974
SR000975;епымуло 0975;омола 0975
SR000976;епымуло 0976;омола 0976
SR000977;епымуло 0977;омола 0977
SR000978;епымуло 0978;омола 0978
SR000979;епымуло 0979;омола 0979
SR000980;епымуло 0980;омола 0980
SR000981;епымуло 0981;омола 0981
SR000982;епымуло 0982;омола 0982
SR000983;епымуло 0983;омола 0983
SR000984;епымуло 0984;омола 0984
SR000985;епымуло 0985;омола 0985
SR000986;епымуло 0986;омола 0986
SR000987;епымуло 0987;омола 0987
SR000988;епымуло 0988;омола 0988
SR000989;епымуло 0989;омола 0989
SR000990;епымуло 0990;омола 0990
SR000991;епымуло 0991;омола 0991
SR000992;епымуло 0992;омола 0992
SR000993;епымуло 0993;омола 0993
SR000994;епымуло 0994;омола 0994
SR000995;епымуло 0995;омола 0995
SR000996;епымуло 0996;омола 0996
SR000997;епымуло 0997;омола 0997
SR000998;епымуло 0998;омола 0998
SR000999;епымуло 0999;омола 0999
SR001000;епымуло 1000;омола 1000
SR001001;епымуло 1001;омола 1001
SR001002;епымуло 1002;омола 1002
SR001003;епымуло 1003;омола 1003
SR001004;епымуло 1004;омола 1004
SR001005;епымуло 1005;омола 1005
SR001006;епымуло 1006;омола 1006
SR001007;епымуло 1007;омола 1007
SR001008;епымуло 1008;омола 1008
SR001009;епымуло 1009;омола 1009
SR001010;епымуло 1010;омола 1010
SR001011;епымуло 1011;омола 1011
SR001012;епымуло 1012;омола 1012
SR001013;епымуло 1013;омола 1013
SR001014;епымуло 1014;омола 1014
SR001015;епымуло 1015;омола 1015
SR001016;епымуло 1016;омола 1016
SR001017;епымуло 1017;омола 1017
SR001018;епымуло 1018;омола 1018
SR001019;епымуло 1019;омола 1019
SR001020;епымуло 1020;омола 1020
SR001021;епымуло 1021;омола 1021
SR001022;епымуло 1022;омола 1022
SR001023;епымуло 1023;омола 1023
SR001024;епымуло 1024;омола 1024
SR001025;епымуло 1025;омола 1025
SR001026;епымуло 1026;омола 1026
SR001027;епымуло 1027;омола 1027
SR001028;епымуло 1028;омола 1028
SR001029;епымуло 1029;омола 1029
SR001030;епымуло 1030;омола 1030
SR001031;епымуло 1031;омола 1031
SR001032;епымуло 1032;омола 1032
SR001033;епымуло 1033;омола 1033
SR001034;епымуло 1034;омола 1034
SR001035;епымуло 1035;омола 1035
SR001036;епымуло 1036;омола 1036
SR001037;епымуло 1037;омола 1037
SR001038;епымуло 1038;омола 1038
SR001039;епымуло 1039;омола 1039
SR001040;епымуло 1040;омола 1040
SR001041;епымуло 1041;омола 1041
SR001042;епымуло 1042;омола 1042
SR001043;епымуло 1043;омола 1043
SR001044;епымуло 1044;омола 1044
SR001045;епымуло 1045;омола 1045
SR001046;епымуло 1046;омола 1046
SR001047;епымуло 1047;омола 1047
SR001048;епымуло 1048;омола 1048
SR001049;епымуло 1049;омола 1049
SR001050;епымуло 1050;омола 1050
SR001051;епымуло 1051;омола 1051
SR001052;епымуло 1052;омола 1052
SR001053;епымуло 1053;омола 1053
SR001054;епымуло 1054;омола 1054
SR001055;епымуло 1055;омола 1055
SR001056;епымуло 1056;омола 1056
SR001057;епымуло 1057;омола 1057
SR001058;епымуло 1058;омола 1058
SR001059;епымуло 1059;омола 1059
SR001060;епымуло 1060;омола 1060
SR001061;епымуло 1061;омола 1061
SR001062;епымуло 1062;омола 1062
SR001063;епымуло 1063;омола 1063
SR001064;епымуло 1064;омола 1064
SR001065;епымуло 1065;омола 1065
SR001066;епымуло 1066;омола 1066
SR001067;епымуло 1067;омола 1067
SR001068;епымуло 1068;омола 1068
SR001069;епымуло 1069;омола 1069
SR001070;епымуло 1070;омола 1070
SR001071;епымуло 1071;омола 1071
SR001072;епымуло 1072;омола 1072
SR001073;епымуло 1073;омола 1073
SR001074;епымуло 1074;омола 1074
SR001075;епымуло 1075;омола 1075
SR001076;епымуло 1076;омола 1076
SR001077;епымуло 1077;омола 1077
SR001078;епымуло 1078;омола 1078
SR001079;епымуло 1079;омола 1079
SR001080;епымуло 1080;омола 1080
SR001081;епымуло 1081;омола 1081
SR001082;епымуло 1082;омола 1082
SR001083;епымуло 1083;омола 1083
SR001084;епымуло 1084;омола 1084
SR001085;епымуло 1085;омола 1085
SR001086;епымуло 1086;омола 1086
SR001087;епымуло 1087;омола 1087
SR001088;епымуло 1088;омола 1088
SR001089;епымуло 1089;омола 1089
SR001090;епымуло 1090;омола 1090
SR001091;епымуло 1091;омола 1091
SR001092;епымуло 1092;омола 1092
SR001093;епымуло 1093;омола 1093
SR001094;епымуло 1094;омола 1094
SR001095;епымуло 1095;омола 1095
SR001096;епымуло 1096;омола 1096
SR001097;епымуло 1097;омола 1097
SR001098;епымуло 1098;омола 1098
SR001099;епымуло 1099;омола 1099
SR001100;епымуло 1100;омола 1100
SR001101;епымуло 1101;омола 1101
SR001102;епымуло 1102;омола 1102
SR001103;епымуло 1103;омола 1103
SR001104;епымуло 1104;омола 1104
SR001105;епымуло 1105;омола 1105
SR001106;епымуло 1106;омола 1106
SR001107;епымуло 1107;омола 1107
SR001108;епымуло 1108;омола 1108
SR001109;епымуло 1109;омола 1109
SR001110;епымуло 1110;омола 1110
SR001111;епымуло 1111;омола 1111
SR001112;епымуло 1112;омола 1112
SR001113;епымуло 1113;омола 1113
SR001114;епымуло 1114;омола 1114
SR001115;епымуло 1115;омола 1115
SR001116;епымуло 1116;омола 1116
SR001117;епымуло 1117;омола 1117
SR001118;епымуло 1118;омола 1118
SR001119;епымуло 1119;омола 1119
SR001120;епымуло 1120;омола 1120
SR001121;епымуло 1121;омола 1121
SR001122;епымуло 1122;омола 1122
SR001123;епымуло 1123;омола 1123
SR001124;епымуло 1124;омола 1124
SR001125;епымуло 1125;омола 1125
SR001126;епымуло 1126;омола 1126
SR001127;епымуло 1127;омола 1127
SR001128;епымуло 1128;омола 1128
SR001129;епымуло 1129;омола 1129
SR001130;епымуло 1130;омола 1130
SR001131;епымуло 1131;омола 1131
SR001132;епымуло 1132;омола 1132
SR001133;епымуло 1133;омола 1133
SR001134;епымуло 1134;омола 1134
SR001135;епымуло 1135;омола 1135
SR001136;епымуло 1136;омола 1136
SR001137;епымуло 1137;омола 1137
SR001138;епымуло 1138;омола 1138
SR001139;епымуло 1139;омола 1139
SR001140;епымуло 1140;омола 1140
SR001141;епымуло 1141;омола 1141
SR001142;епымуло 1142;омола 1142
SR001143;епымуло 1143;омола 1143
SR001144;епымуло 1144;омола 1144
SR001145;епымуло 1145;омола 1145
SR001146;епымуло 1146;омола 1146
SR001147;епымуло 1147;омола 1147
SR001148;епымуло 1148;омола 1148
SR001149;епымуло 1149;омола 1149
SR001150;епымуло 1150;омола 1150
SR001151;епымуло 1151;омола 1151
SR001152;епымуло 1152;омола 1152
SR001153;епымуло 1153;омола 1153
SR001154;епымуло 1154;омола 1154
SR001155;епымуло 1155;омола 1155
SR001156;епымуло 1156;омола 1156
SR001157;епымуло 1157;омола 1157
SR001158;епымуло 1158;омола 1158
SR001159;епымуло 1159;омола 1159
SR001160;епымуло 1160;омола 1160
SR001161;епымуло 1161;омола 1161
SR001162;епымуло 1162;омола 1162
SR001163;епымуло 1163;омола 1163
SR001164;епымуло 1164;омола 1164
SR001165;епымуло 1165;омола 1165
SR001166;епымуло 1166;омола 1166
SR001167;епымуло 1167;омола 1167
SR001168;епымуло 1168;омола 1168
SR001169;епымуло 1169;омола 1169
SR001170;епымуло 1170;омола 1170
SR001171;епымуло 1171;омола 1171
SR001172;епымуло 1172;омола 1172
SR001173;епымуло 1173;омола 1173
SR001174;епымуло 1174;омола 1174
SR001175;епымуло 1175;омола 1175
SR001176;епымуло 1176;омола 1176
SR001177;епымуло 1177;омола 1177
SR001178;епымуло 1178;омола 1178
SR001179;епымуло 1179;омола 1179
SR001180;епымуло 1180;омола 1180
SR001181;епымуло 1181;омола 1181
SR001182;епымуло 1182;омола 1182
SR001183;епымуло 1183;омола 1183
SR001184;епымуло 1184;омола 1184
SR001185;епымуло 1185;омола 1185
SR001186;епымуло 1186;омола 1186
SR001187;епымуло 1187;омола 1187
SR001188;епымуло 1188;омола 1188
SR001189;епымуло 1189;омола 1189
SR001190;епымуло 1190;омола 1190
SR001191;епымуло 1191;омола 1191
SR001192;епымуло 1192;омола 1192
SR001193;епымуло 1193;омола 1193
SR001194;епымуло 1194;омола 1194
SR001195;епымуло 1195;омола 1195
SR001196;епымуло 1196;омола 1196
SR001197;епымуло 1197;омола 1197
SR001198;епымуло 1198;омола 1198
SR001199;епымуло 1199;омола 1199
SR001200;епымуло 1200;омола 1200
SR001201;епымуло 1201;омола 1201
SR001202;епымуло 1202;омола 1202
SR001203;епымуло 1203;омола 1203
SR001204;епымуло 1204;омола 1204
SR001205;епымуло 1205;омола 1205
SR001206;епымуло 1206;омола 1206
SR001207;епымуло 1207;омола 1207
SR001208;епымуло 1208;омола 1208
SR001209;епымуло 1209;омола 1209
SR001210;епымуло 1210;омола 1210
SR001211;епымуло 1211;омола 1211
SR001212;епымуло 1212;омола 1212
SR001213;епымуло 1213;омола 1213
SR001214;епымуло 1214;омола 1214
SR001215;епымуло 1215;омола 1215
SR001216;епымуло 1216;омола 1216
SR001217;епымуло 1217;омола 1217
SR001218;епымуло 1218;омола 1218
SR001219;епымуло 1219;омола 1219
SR001220;епымуло 1220;омола 1220
SR001221;епымуло 1221;омола 1221
SR001222;епымуло 1222;омола 1222
SR001223;епымуло 1223;омола 1223
SR001224;епымуло 1224;омола 1224
SR001225;епымуло 1225;омола 1225
SR001226;епымуло 1226;омола 1226
SR001227;епымуло 1227;омола 1227
SR001228;епымуло 1228;омола 1228
SR001229;епымуло 1229;омола 1229
SR001230;епымуло 1230;омола 1230
SR001231;епымуло 1231;омола 1231
SR001232;епымуло 1232;омола 1232
SR001233;епымуло 1233;омола 1233
SR001234;епымуло 1234;омола 1234
SR001235;епымуло 1235;омола 1235
SR001236;епымуло 1236;омола 1236
SR001237;епымуло 1237;омола 1237
SR001238;епымуло 1238;омола 1238
SR001239;епымуло 1239;омола 1239
SR001240;епымуло 1240;омола 1240
SR001241;епымуло 1241;омола 1241
SR001242;епымуло 1242;омола 1242
SR001243;епымуло 1243;омола 1243
SR001244;епымуло 1244;омола 1244
SR001245;епымуло 1245;омола 1245
SR001246;епымуло 1246;омола 1246
SR001247;епымуло 1247;омола 1247
SR001248;епымуло 1248;омола 1248
SR001249;епымуло 1249;омола 1249
SR001250;епымуло 1250;омола 1250
SR001251;епымуло 1251;омола 1251
SR001252;епымуло 1252;омола 1252
SR001253;епымуло 1253;омола 1253
SR001254;епымуло 1254;омола 1254
SR001255;епымуло 1255;омола 1255
SR001256;епымуло 1256;омола 1256
SR001257;епымуло 1257;омола 1257
SR001258;епымуло 1258;омола 1258
SR001259;епымуло 1259;омола 1259
SR001260;епымуло 1260;омола 1260
SR001261;епымуло 1261;омола 1261
SR001262;епымуло 1262;омола 1262
SR001263;епымуло 1263;омола 1263
SR001264;епымуло 1264;омола 1264
SR001265;епымуло 1265;омола 1265
SR001266;епымуло 1266;омола 1266
SR001267;епымуло 1267;омола 1267
SR001268;епымуло 1268;омола 1268
SR001269;епымуло 1269;омола 1269
SR001270;епымуло 1270;омола 1270
SR001271;епымуло 1271;омола 1271
SR001272;епымуло 1272;омола 1272
SR001273;епымуло 1273;омола 1273
SR001274;епымуло 1274;омола 1274
SR001275;епымуло 1275;омола 1275
SR001276;епымуло 1276;омола 1276
SR001277;епымуло 1277;омола 1277
SR001278;епымуло 1278;омола 1278
SR001279;епымуло 1279;омола 1279
SR001280;епымуло 1280;омола 1280
SR001281;епымуло 1281;омола 1281
SR001282;епымуло 1282;омола 1282
SR001283;епымуло 1283;омола 1283
SR001284;епымуло 1284;омола 1284
SR001285;епымуло 1285;омола 1285
SR001286;епымуло 1286;омола 1286
SR001287;епымуло 1287;омола 1287
SR001288;епымуло 1288;омола 1288
SR001289;епымуло 1289;омола 1289
SR001290;епымуло 1290;омола 1290
SR001291;епымуло 1291;омола 1291
SR001292;епымуло 1292;омола 1292
SR001293;епымуло 1293;омола 1293
SR001294;епымуло 1294;омола 1294
SR001295;епымуло 1295;омола 1295
SR001296;епымуло 1296;омола 1296
SR001297;епымуло 1297;омола 1297
SR001298;епымуло 1298;омола 1298
SR001299;епымуло 1299;омола 1299
SR001300;епымуло 1300;омола 1300
SR001301;епымуло 1301;омола 1301
SR001302;епымуло 1302;омола 1302
SR001303;епымуло 1303;омола 1303
SR001304;епымуло 1304;омола 1304
SR001305;епымуло 1305;омола 1305
SR001306;епымуло 1306;омола 1306
SR001307;епымуло 1307;омола 1307
SR001308;епымуло 1308;омола 1308
SR001309;епымуло 1309;омола 1309
SR001310;епымуло 1310;омола 1310
SR001311;епымуло 1311;омола 1311
SR001312;епымуло 1312;омола 1312
SR001313;епымуло 1313;омола 1313
SR001314;епымуло 1314;омола 1314
SR001315;епымуло 1315;омола 1315
SR001316;епымуло 1316;омола 1316
SR001317;епымуло 1317;омола 1317
SR001318;епымуло 1318;омола 1318
SR001319;епымуло 1319;омола 1319
SR001320;епымуло 1320;омола 1320
SR001321;епымуло 1321;омола 1321
SR001322;епымуло 1322;омола 1322
SR001323;епымуло 1323;омола 1323
SR001324;епымуло 1324;омола 1324
SR001325;епымуло 1325;омола 1325
SR001326;епымуло 1326;омола 1326
SR001327;епымуло 1327;омола 1327
SR001328;епымуло 1328;омола 1328
SR001329;епымуло 1329;омола 1329
SR001330;епымуло 1330;омола 1330
SR001331;епымуло 1331;омола 1331
SR001332;епымуло 1332;омола 1332
SR001333;епымуло 1333;омола 1333
SR001334;епымуло 1334;омола 1334
SR001335;епымуло 1335;омола 1335
SR001336;епымуло 1336;омола 1336
SR001337;епымуло 1337;омола 1337
SR001338;епымуло 1338;омола 1338
SR001339;епымуло 1339;омола 1339
SR001340;епымуло 1340;омола 1340
SR001341;епымуло 1341;омола 1341
SR001342;епымуло 1342;омола 1342
SR001343;епымуло 1343;омола 1343
SR001344;епымуло 1344;омола 1344
SR001345;епымуло 1345;омола 1345
SR001346;епымуло 1346;омола 1346
SR001347;епымуло 1347;омола 1347
SR001348;епымуло 1348;омола 1348
SR001349;епымуло 1349;омола 1349
SR001350;епымуло 1350;омола 1350
SR001351;епымуло 1351;омола 1351
SR001352;епымуло 1352;омола 1352
SR001353;епымуло 1353;омола 1353
SR001354;епымуло 1354;омола 1354
SR001355;епымуло 1355;омола 1355
SR001356;епымуло 1356;омола 1356
SR001357;епымуло 1357;омола 1357
SR001358;епымуло 1358;омола 1358
SR001359;епымуло 1359;омола 1359
SR001360;епымуло 1360;омола 1360
SR001361;епымуло 1361;омола 1361
SR001362;епымуло 1362;омола 1362
SR001363;епымуло 1363;омола 1363
SR001364;епымуло 1364;омола 1364
SR001365;епымуло 1365;омола 1365
SR001366;епымуло 1366;омола 1366
SR001367;епымуло 1367;омола 1367
SR001368;епымуло 1368;омола 1368
SR001369;епымуло 1369;омола 1369
SR001370;епымуло 1370;омола 1370
SR001371;епымуло 1371;омола 1371
SR001372;епымуло 1372;омола 1372
SR001373;епымуло 1373;омола 1373
SR001374;епымуло 1374;омола 1374
SR001375;епымуло 1375;омола 1375
SR001376;епымуло 1376;омола 1376
SR001377;епымуло 1377;омола 1377
SR001378;епымуло 1378;омола 1378
SR001379;епымуло 1379;омола 1379
SR001380;епымуло 1380;омола 1380
SR001381;епымуло 1381;омола 1381
SR001382;епымуло 1382;омола 1382
SR001383;епымуло 1383;омола 1383
SR001384;епымуло 1384;омола 1384
SR001385;епымуло 1385;омола 1385
SR001386;епымуло 1386;омола 1386
SR001387;епымуло 1387;омола 1387
SR001388;епымуло 1388;омола 1388
SR001389;епымуло 1389;омола 1389
SR001390;епымуло 1390;омола 1390
SR001391;епымуло 1391;омола 1391
SR001392;епымуло 1392;омола 1392
SR001393;епымуло 1393;омола 1393
SR001394;епымуло 1394;омола 1394
SR001395;епымуло 1395;омола 1395
SR001396;епымуло 1396;омола 1396
SR001397;епымуло 1397;омола 1397
SR001398;епымуло 1398;омола 1398
SR001399;епымуло 1399;омола 1399
SR001400;епымуло 1400;омола 1400
SR001401;епымуло 1401;омола 1401
SR001402;епымуло 1402;омола 1402
SR001403;епымуло 1403;омола 1403
SR001404;епымуло 1404;омола 1404
SR001405;епымуло 1405;омола 1405
SR001406;епымуло 1406;омола 1406
SR001407;епымуло 1407;омола 1407
SR001408;епымуло 1408;омола 1408
SR001409;епымуло 1409;омола 1409
SR001410;епымуло 1410;омола 1410
SR001411;епымуло 1411;омола 1411
SR001412;епымуло 1412;омола 1412
SR001413;епымуло 1413;омола 1413
SR001414;епымуло 1414;омола 1414
SR001415;епымуло 1415;омола 1415
SR001416;епымуло 1416;омола 1416
SR001417;епымуло 1417;омола 1417
SR001418;епымуло 1418;омола 1418
SR001419;епымуло 1419;омола 1419
SR001420;епымуло 1420;омола 1420
SR001421;епымуло 1421;омола 1421
SR001422;епымуло 1422;омола 1422
SR001423;епымуло 1423;омола 1423
SR001424;епымуло 1424;омола 1424
SR001425;епымуло 1425;омола 1425
SR001426;епымуло 1426;омола 1426
SR001427;епымуло 1427;омола 1427
SR001428;епымуло 1428;омола 1428
SR001429;епымуло 1429;омола 1429
SR001430;епымуло 1430;омола 1430
SR001431;епымуло 1431;омола 1431
SR001432;епымуло 1432;омола 1432
SR001433;епымуло 1433;омола 1433
SR001434;епымуло 1434;омола 1434
SR001435;епымуло 1435;омола 1435
SR001436;епымуло 1436;омола 1436
SR001437;епымуло 1437;омола 1437
SR001438;епымуло 1438;омола 1438
SR001439;епымуло 1439;омола 1439
SR001440;епымуло 1440;омола 1440
SR001441;епымуло 1441;омола 1441
SR001442;епымуло 1442;омола 1442
SR001443;епымуло 1443;омола 1443
SR001444;епымуло 1444;омола 1444
SR001445;епымуло 1445;омола 1445
SR001446;епымуло 1446;омола 1446
SR001447;епымуло 1447;омола 1447
SR001448;епымуло 1448;омола 1448
SR001449;епымуло 1449;омола 1449
SR001450;епымуло 1450;омола 1450
SR001451;епымуло 1451;омола 1451
SR001452;епымуло 1452;омола 1452
SR001453;епымуло 1453;омола 1453
SR001454;епымуло 1454;омола 1454
SR001455;епымуло 1455;омола 1455
SR001456;епымуло 1456;омола 1456
SR001457;епымуло 1457;омола 1457
SR001458;епымуло 1458;омола 1458
SR001459;епымуло 1459;омола 1459
SR001460;епымуло 1460;омола 1460
SR001461;епымуло 1461;омола 1461
SR001462;епымуло 1462;омола 1462
SR001463;епымуло 1463;омола 1463
SR001464;епымуло 1464;омола 1464
SR001465;епымуло 1465;омола 1465
SR001466;епымуло 1466;омола 1466
SR001467;епымуло 1467;омола 1467
SR001468;епымуло 1468;омола 1468
SR001469;епымуло 1469;омола 1469
SR001470;епымуло 1470;омола 1470
SR001471;епымуло 1471;омола 1471
SR001472;епымуло 1472;омола 1472
SR001473;епымуло 1473;омола 1473
SR001474;епымуло 1474;омола 1474
SR001475;епымуло 1475;омола 1475
SR001476;епымуло 1476;омола 1476
SR001477;епымуло 1477;омола 1477
SR001478;епымуло 1478;омола 1478
SR001479;епымуло 1479;омола 1479
SR001480;епымуло 1480;омола 1480
SR001481;епымуло 1481;омола 1481
SR001482;епымуло 1482;омола 1482
SR001483;епымуло 1483;омола 1483
SR001484;епымуло 1484;омола 1484
SR001485;епымуло 1485;омола 1485
SR001486;епымуло 1486;омола 1486
SR001487;епымуло 1487;омола 1487
SR001488;епымуло 1488;омола 1488
SR001489;епымуло 1489;омола 1489
SR001490;епымуло 1490;омола 1490
SR001491;епымуло 1491;омола 1491
SR001492;епымуло 1492;омола 1492
SR001493;епымуло 1493;омола 1493
SR001494;епымуло 1494;омола 1494
SR001495;епымуло 1495;омола 1495
SR001496;епымуло 1496;омола 1496
SR001497;епымуло 1497;омола 1497
SR001498;епымуло 1498;омола 1498
SR001499;епымуло 1499;омола 1499
SR001500;епымуло 1500;омола 1500
SR001501;епымуло 1501;омола 1501
SR001502;епымуло 1502;омола 1502
SR001503;епымуло 1503;омола 1503
SR001504;епымуло 1504;омола 1504
SR001505;епымуло 1505;омола 1505
SR001506;епымуло 1506;омола 1506
SR001507;епымуло 1507;омола 1507
SR001508;епымуло 1508;омола 1508
SR001509;епымуло 1509;омола 1509
SR001510;епымуло 1510;омола 1510
SR001511;епымуло 1511;омола 1511
SR001512;епымуло 1512;омола 1512
SR001513;епымуло 1513;омола 1513
SR001514;епымуло 1514;омола 1514
SR001515;епымуло 1515;омола 1515
SR001516;епымуло 1516;омола 1516
SR001517;епымуло 1517;омола 1517
SR001518;епымуло 1518;омола 1518
SR001519;епымуло 1519;омола 1519
SR001520;епымуло 1520;омола 1520
SR001521;епымуло 1521;омола 1521
SR001522;епымуло 1522;омола 1522
SR001523;епымуло 1523;омола 1523
SR001524;епымуло 1524;омола 1524
SR001525;епымуло 1525;омола 1525
SR001526;епымуло 1526;омола 1526
SR001527;епымуло 1527;омола 1527
SR001528;епымуло 1528;омола 1528
SR001529;епымуло 1529;омола 1529
SR001530;епымуло 1530;омола 1530
SR001531;епымуло 1531;омола 1531
SR001532;епымуло 1532;омола 1532
SR001533;епымуло 1533;омола 1533
SR001534;епымуло 1534;омола 1534
SR001535;епымуло 1535;омола 1535
SR001536;епымуло 1536;омола 1536
SR001537;епымуло 1537;омола 1537
SR001538;епымуло 1538;омола 1538
SR001539;епымуло 1539;омола 1539
SR001540;епымуло 1540;омола 1540
SR001541;епымуло 1541;омола 1541
SR001542;епымуло 1542;омола 1542
SR001543;епымуло 1543;омола 1543
SR001544;епымуло 1544;омола 1544
SR001545;епымуло 1545;омола 1545
SR001546;епымуло 1546;омола 1546
SR001547;епымуло 1547;омола 1547
SR001548;епымуло 1548;омола 1548
SR001549;епымуло 1549;омола 1549
SR001550;епымуло 1550;омола 1550
SR001551;епымуло 1551;омола 1551
SR001552;епымуло 1552;омола 1552
SR001553;епымуло 1553;омола 1553
SR001554;епымуло 1554;омола 1554
SR001555;епымуло 1555;омола 1555
SR001556;епымуло 1556;омола 1556
SR001557;епымуло 1557;омола 1557
SR001558;епымуло 1558;омола 1558
SR001559;епымуло 1559;омола 1559
SR001560;епымуло 1560;омола 1560
SR001561;епымуло 1561;омола 1561
SR001562;епымуло 1562;омола 1562
SR001563;епымуло 1563;омола 1563
SR001564;епымуло 1564;омола 1564
SR001565;епымуло 1565;омола 1565
SR001566;епымуло 1566;омола 1566
SR001567;епымуло 1567;омола 1567
SR001568;епымуло 1568;омола 1568
SR001569;епымуло 1569;омола 1569
SR001570;епымуло 1570;омола 1570
SR001571;епымуло 1571;омола 1571
SR001572;епымуло 1572;омола 1572
SR001573;епымуло 1573;омола 1573
SR001574;епымуло 1574;омола 1574
SR001575;епымуло 1575;омола 1575
SR001576;епымуло 1576;омола 1576
SR001577;епымуло 1577;омола 1577
SR001578;епымуло 1578;омола 1578
SR001579;епымуло 1579;омола 1579
SR001580;епымуло 1580;омола 1580
SR001581;епымуло 1581;омола 1581
SR001582;епымуло 1582;омола 1582
SR001583;епымуло 1583;омола 1583
SR001584;епымуло 1584;омола 1584
SR001585;епымуло 1585;омола 1585
SR001586;епымуло 1586;омола 1586
SR001587;епымуло 1587;омола 1587
SR001588;епымуло 1588;омола 1588
SR001589;епымуло 1589;омола 1589
SR001590;епымуло 1590;омола 1590
SR001591;епымуло 1591;омола 1591
SR001592;епымуло 1592;омола 1592
SR001593;епымуло 1593;омола 1593
SR001594;епымуло 1594;омола 1594
SR001595;епымуло 1595;омола 1595
SR001596;епымуло 1596;омола 1596
SR001597;епымуло 1597;омола 1597
SR001598;епымуло 1598;омола 1598
SR001599;епымуло 1599;омола 1599
SR001600;епымуло 1600;омола 1600
SR001601;епымуло 1601;омола 1601
SR001602;епымуло 1602;омола 1602
SR001603;епымуло 1603;омола 1603
SR001604;епымуло 1604;омола 1604
SR001605;епымуло 1605;омола 1605
SR001606;епымуло 1606;омола 1606
SR001607;епымуло 1607;омола 1607
SR001608;епымуло 1608;омола 1608
SR001609;епымуло 1609;омола 1609
SR001610;епымуло 1610;омола 1610
SR001611;епымуло 1611;омола 1611
SR001612;епымуло 1612;омола 1612
SR001613;епымуло 1613;омола 1613
SR001614;епымуло 1614;омола 1614
SR001615;епымуло 1615;омола 1615
SR001616;епымуло 1616;омола 1616
SR001617;епымуло 1617;омола 1617
SR001618;епымуло 1618;омола 1618
SR001619;епымуло 1619;омола 1619
SR001620;епымуло 1620;омола 1620
SR001621;епымуло 1621;омола 1621
SR001622;епымуло 1622;омола 1622
SR001623;епымуло 1623;омола 1623
SR001624;епымуло 1624;омола 1624
SR001625;епымуло 1625;омола 1625
SR001626;епымуло 1626;омола 1626
SR001627;епымуло 1627;омола 1627
SR001628;епымуло 1628;омола 1628
SR001629;епымуло 1629;омола 1629
SR001630;епымуло 1630;омола 1630
SR001631;епымуло 1631;омола 1631
SR001632;епымуло 1632;омола 1632
SR001633;епымуло 1633;омола 1633
SR001634;епымуло 1634;омола 1634
SR001635;епымуло 1635;омола 1635
SR001636;епымуло 1636;омола 1636
SR001637;епымуло 1637;омола 1637
SR001638;епымуло 1638;омола 1638
SR001639;епымуло 1639;омола 1639
SR001640;епымуло 1640;омола 1640
SR001641;епымуло 1641;омола 1641
SR001642;епымуло 1642;омола 1642
SR001643;епымуло 1643;омола 1643
SR001644;епымуло 1644;омола 1644
SR001645;епымуло 1645;омола 1645
SR001646;епымуло 1646;омола 1646
SR001647;епымуло 1647;омола 1647
SR001648;епымуло 1648;омола 1648
SR001649;епымуло 1649;омола 1649
SR001650;епымуло 1650;омола 1650
SR001651;епымуло 1651;омола 1651
SR001652;епымуло 1652;омола 1652
SR001653;епымуло 1653;омола 1653
SR001654;епымуло 1654;омола 1654
SR001655;епымуло 1655;омола 1655
SR001656;епымуло 1656;омола 1656
SR001657;епымуло 1657;омола 1657
SR001658;епымуло 1658;омола 1658
SR001659;епымуло 1659;омола 1659
SR001660;епымуло 1660;омола 1660
SR001661;епымуло 1661;омола 1661
SR001662;епымуло 1662;омола 1662
SR001663;епымуло 1663;омола 1663
SR001664;епымуло 1664;омола 1664
SR001665;епымуло 1665;омола 1665
SR001666;епымуло 1666;омола 1666
SR001667;епымуло 1667;омола 1667
SR001668;епымуло 1668;омола 1668
SR001669;епымуло 1669;омола 1669
SR001670;епымуло 1670;омола 1670
SR001671;епымуло 1671;омола 1671
SR001672;епымуло 1672;омола 1672
SR001673;епымуло 1673;омола 1673
SR001674;епымуло 1674;омола 1674
SR001675;епымуло 1675;омола 1675
SR001676;епымуло 1676;омола 1676
SR001677;епымуло 1677;омола 1677
SR001678;епымуло 1678;омола 1678
SR001679;епымуло 1679;омола 1679
SR001680;епымуло 1680;омола 1680
SR001681;епымуло 1681;омола 1681
SR001682;епымуло 1682;омола 1682
SR001683;епымуло 1683;омола 1683
SR001684;епымуло 1684;омола 1684
SR001685;епымуло 1685;омола 1685
SR001686;епымуло 1686;омола 1686
SR001687;епымуло 1687;омола 1687
SR001688;епымуло 1688;омола 1688
SR001689;епымуло 1689;омола 1689
SR001690;епымуло 1690;омола 1690
SR001691;епымуло 1691;омола 1691
SR001692;епымуло 1692;омола 1692
SR001693;епымуло 1693;омола 1693
SR001694;епымуло 1694;омола 1694
SR001695;епымуло 1695;омола 1695
SR001696;епымуло 1696;омола 1696
SR001697;епымуло 1697;омола 1697
SR001698;епымуло 1698;омола 1698
SR001699;епымуло 1699;омола 1699
SR001700;епымуло 1700;омола 1700
SR001701;епымуло 1701;омола 1701
SR001702;епымуло 1702;омола 1702
SR001703;епымуло 1703;омола 1703
SR001704;епымуло 1704;омола 1704
SR001705;епымуло 1705;омола 1705
SR001706;епымуло 1706;омола 1706
SR001707;епымуло 1707;омола 1707
SR001708;епымуло 1708;омола 1708
SR001709;епымуло 1709;омола 1709
SR001710;епымуло 1710;омола 1710
SR001711;епымуло 1711;омола 1711
SR001712;епымуло 1712;омола 1712
SR001713;епымуло 1713;омола 1713
SR001714;епымуло 1714;омола 1714
SR001715;епымуло 1715;омола 1715
SR001716;епымуло 1716;омола 1716
SR001717;епымуло 1717;омола 1717
SR001718;епымуло 1718;омола 1718
SR001719;епымуло 1719;омола 1719
SR001720;епымуло 1720;омола 1720
SR001721;епымуло 1721;омола 1721
SR001722;епымуло 1722;омола 1722
SR001723;епымуло 1723;омола 1723
SR001724;епымуло 1724;омола 1724
SR001725;епымуло 1725;омола 1725
SR001726;епымуло 1726;омола 1726
SR001727;епымуло 1727;омола 1727
SR001728;епымуло 1728;омола 1728
SR001729;епымуло 1729;омола 1729
SR001730;епымуло 1730;омола 1730
SR001731;епымуло 1731;омола 1731
SR001732;епымуло 1732;омола 1732
SR001733;епымуло 1733;омола 1733
SR001734;епымуло 1734;омола 1734
SR001735;епымуло 1735;омола 1735
SR001736;епымуло 1736;омола 1736
SR001737;епымуло 1737;омола 1737
SR001738;епымуло 1738;омола 1738
SR001739;епымуло 1739;омола 1739
SR001740;епымуло 1740;омола 1740
SR001741;епымуло 1741;омола 1741
SR001742;епымуло 1742;омола 1742
SR001743;епымуло 1743;омола 1743
SR001744;епымуло 1744;омола 1744
SR001745;епымуло 1745;омола 1745
SR001746;епымуло 1746;омола 1746
SR001747;епымуло 1747;омола 1747
SR001748;епымуло 1748;омола 1748
SR001749;епымуло 1749;омола 1749
SR001750;епымуло 1750;омола 1750
SR001751;епымуло 1751;омола 1751
SR001752;епымуло 1752;омола 1752
SR001753;епымуло 1753;омола 1753
SR001754;епымуло 1754;омола 1754
SR001755;епымуло 1755;омола 1755
SR001756;епымуло 1756;омола 1756
SR001757;епымуло 1757;омола 1757
SR001758;епымуло 1758;омола 1758
SR001759;епымуло 1759;омола 1759
SR001760;епымуло 1760;омола 1760
SR001761;епымуло 1761;омола 1761
SR001762;епымуло 1762;омола 1762
SR001763;епымуло 1763;омола 1763
SR001764;епымуло 1764;омола 1764
SR001765;епымуло 1765;омола 1765
SR001766;епымуло 1766;омола 1766
SR001767;епымуло 1767;омола 1767
SR001768;епымуло 1768;омола 1768
SR001769;епымуло 1769;омола 1769
SR001770;епымуло 1770;омола 1770
SR001771;епымуло 1771;омола 1771
SR001772;епымуло 1772;омола 1772
SR001773;епымуло 1773;омола 1773
SR001774;епымуло 1774;омола 1774
SR001775;епымуло 1775;омола 1775
SR001776;епымуло 1776;омола 1776
SR001777;епымуло 1777;омола 1777
SR001778;епымуло 1778;омола 1778
SR001779;епымуло 1779;омола 1779
SR001780;епымуло 1780;омола 1780
SR001781;епымуло 1781;омола 1781
SR001782;епымуло 1782;омола 1782
SR001783;епымуло 1783;омола 1783
SR001784;епымуло 1784;омола 1784
SR001785;епымуло 1785;омола 1785
SR001786;епымуло 1786;омола 1786
SR001787;епымуло 1787;омола 1787
SR001788;епымуло 1788;омола 1788
SR001789;епымуло 1789;омола 1789
SR001790;епымуло 1790;омола 1790
SR001791;епымуло 1791;омола 1791
SR001792;епымуло 1792;омола 1792
SR001793;епымуло 1793;омола 1793
SR001794;епымуло 1794;омола 1794
SR001795;епымуло 1795;омола 1795
SR001796;епымуло 1796;омола 1796
SR001797;епымуло 1797;омола 1797
SR001798;епымуло 1798;омола 1798
SR001799;епымуло 1799;омола 1799
SR001800;епымуло 1800;омола 1800
SR001801;епымуло 1801;омола 1801
SR001802;епымуло 1802;омола 1802
SR001803;епымуло 1803;омола 1803
SR001804;епымуло 1804;омола 1804
SR001805;епымуло 1805;омола 1805
SR001806;епымуло 1806;омола 1806
SR001807;епымуло 1807;омола 1807
SR001808;епымуло 1808;омола 1808
SR001809;епымуло 1809;омола 1809
SR001810;епымуло 1810;омола 1810
SR001811;епымуло 1811;омола 1811
SR001812;епымуло 1812;омола 1812
SR001813;епымуло 1813;омола 1813
SR001814;епымуло 1814;омола 1814
SR001815;епымуло 1815;омола 1815
SR001816;епымуло 1816;омола 1816
SR001817;епымуло 1817;омола 1817
SR001818;епымуло 1818;омола 1818
SR001819;епымуло 1819;омола 1819
SR001820;епымуло 1820;омола 1820
SR001821;епымуло 1821;омола 1821
SR001822;епымуло 1822;омола 1822
SR001823;епымуло 1823;омола 1823
SR001824;епымуло 1824;омола 1824
SR001825;епымуло 1825;омола 1825
SR001826;епымуло 1826;омола 1826
SR001827;епымуло 1827;омола 1827
SR001828;епымуло 1828;омола 1828
SR001829;епымуло 1829;омола 1829
SR001830;епымуло 1830;омола 1830
SR001831;епымуло 1831;омола 1831
SR001832;епымуло 1832;омола 1832
SR001833;епымуло 1833;омола 1833
SR001834;епымуло 1834;омола 1834
SR001835;епымуло 1835;омола 1835
SR001836;епымуло 1836;омола 1836
SR001837;епымуло 1837;омола 1837
SR001838;епымуло 1838;омола 1838
SR001839;епымуло 1839;омола 1839
SR001840;епымуло 1840;омола 1840
SR001841;епымуло 1841;омола 1841
SR001842;епымуло 1842;омола 1842
SR001843;епымуло 1843;омола 1843
SR001844;епымуло 1844;омола 1844
SR001845;епымуло 1845;омола 1845
SR001846;епымуло 1846;омола 1846
SR001847;епымуло 1847;омола 1847
SR001848;епымуло 1848;омола 1848
SR001849;епымуло 1849;омола 1849
SR001850;епымуло 1850;омола 1850
SR001851;епымуло 1851;омола 1851
SR001852;епымуло 1852;омола 1852
SR001853;епымуло 1853;омола 1853
SR001854;епымуло 1854;омола 1854
SR001855;епымуло 1855;омола 1855
SR001856;епымуло 1856;омола 1856
SR001857;епымуло 1857;омола 1857
SR001858;епымуло 1858;омола 1858
SR001859;епымуло 1859;омола 1859
SR001860;епымуло 1860;омола 1860
SR001861;епымуло 1861;омола 1861
SR001862;епымуло 1862;омола 1862
SR001863;епымуло 1863;омола 1863
SR001864;епымуло 1864;омола 1864
SR001865;епымуло 1865;омола 1865
SR001866;епымуло 1866;омола 1866
SR001867;епымуло 1867;омола 1867
SR001868;епымуло 1868;омола 1868
SR001869;епымуло 1869;омола 1869
SR001870;епымуло 1870;омола 1870
SR001871;епымуло 1871;омола 1871
SR001872;епымуло 1872;омола 1872
SR001873;епымуло 1873;омола 1873
SR001874;епымуло 1874;омола 1874
SR001875;епымуло 1875;омола 1875
SR001876;епымуло 1876;омола 1876
SR001877;епымуло 1877;омола 1877
SR001878;епымуло 1878;омола 1878
SR001879;епымуло 1879;омола 1879
SR001880;епымуло 1880;омола 1880
SR001881;епымуло 1881;омола 1881
SR001882;епымуло 1882;омола 1882
SR001883;епымуло 1883;омола 1883
SR001884;епымуло 1884;омола 1884
SR001885;епымуло 1885;омола 1885
SR001886;епымуло 1886;омола 1886
SR001887;епымуло 1887;омола 1887
SR001888;епымуло 1888;омола 1888
SR001889;епымуло 1889;омола 1889
SR001890;епымуло 1890;омола 1890
SR001891;епымуло 1891;омола 1891
SR001892;епымуло 1892;омола 1892
SR001893;епымуло 1893;омола 1893
SR001894;епымуло 1894;омола 1894
SR001895;епымуло 1895;омола 1895
SR001896;епымуло 1896;омола 1896
SR001897;епымуло 1897;омола 1897
SR001898;епымуло 1898;омола 1898
SR001899;епымуло 1899;омола 1899
SR001900;епымуло 1900;омола 1900
SR001901;епымуло 1901;омола 1901
SR001902;епымуло 1902;омола 1902
SR001903;епымуло 1903;омола 1903
SR001904;епымуло 1904;омола 1904
SR001905;епымуло 1905;омола 1905
SR001906;епымуло 1906;омола 1906
SR001907;епымуло 1907;омола 1907
SR001908;епымуло 1908;омола 1908
SR001909;епымуло 1909;омола 1909
SR001910;епымуло 1910;омола 1910
SR001911;епымуло 1911;омола 1911
SR001912;епымуло 1912;омола 1912
SR001913;епымуло 1913;омола 1913
SR001914;епымуло 1914;омола 1914
SR001915;епымуло 1915;омола 1915
SR001916;епымуло 1916;омола 1916
SR001917;епымуло 1917;омола 1917
SR001918;епымуло 1918;омола 1918
SR001919;епымуло 1919;омола 1919
SR001920;епымуло 1920;омола 1920
SR001921;епымуло 1921;омола 1921
SR001922;епымуло 1922;омола 1922
SR001923;епымуло 1923;омола 1923
SR001924;епымуло 1924;омола 1924
SR001925;епымуло 1925;омола 1925
SR001926;епымуло 1926;омола 1926
SR001927;епымуло 1927;омола 1927
SR001928;епымуло 1928;омола 1928
SR001929;епымуло 1929;омола 1929
SR001930;епымуло 1930;омола 1930
SR001931;епымуло 1931;омола 1931
SR001932;епымуло 1932;омола 1932
SR001933;епымуло 1933;омола 1933
SR001934;епымуло 1934;омола 1934
SR001935;епымуло 1935;омола 1935
SR001936;епымуло 1936;омола 1936
SR001937;епымуло 1937;омола 1937
SR001938;епымуло 1938;омола 1938
SR001939;епымуло 1939;омола 1939
SR001940;епымуло 1940;омола 1940
SR001941;епымуло 1941;омола 1941
SR001942;епымуло 1942;омола 1942
SR001943;епымуло 1943;омола 1943
SR001944;епымуло 1944;омола 1944
SR001945;епымуло 1945;омола 1945
SR001946;епымуло 1946;омола 1946
SR001947;епымуло 1947;омола 1947
